{
  "mlp_binary_baseline": {
    "accuracy": 0.9891248263544354,
    "precision": 0.9915865384615384,
    "recall": 0.9849906191369606,
    "f1": 0.9882775733721229,
    "auc": 0.9992090890083389
  },
  "mlp_binary_tuned": {
    "accuracy": 0.9901567771383211,
    "precision": 0.9932107253351667,
    "recall": 0.9855875831485588,
    "f1": 0.989384470507662,
    "auc": 0.9991883687859452,
    "best_params": {
      "hidden_dims": [
        256,
        128,
        64
      ],
      "activation": "relu",
      "dropout": 0.3,
      "lr": 0.001
    },
    "cv_f1": 0.9859533107705211
  },
  "mlp_multiclass": {
    "accuracy": 0.08334987100615202,
    "f1_macro": 0.014611698178728658,
    "per_class_f1": {
      "0": 0.013015184381778741,
      "1": 0.0,
      "2": 0.0,
      "3": 0.0,
      "4": 0.0,
      "5": 0.053071397155842255,
      "6": 0.0,
      "7": 0.0,
      "8": 0.0,
      "9": 0.10469054705942728,
      "10": 0.014857142857142857,
      "11": 0.1421843752015999,
      "12": 0.0,
      "13": 0.0,
      "14": 0.001310615989515072,
      "15": 0.04179587434272617,
      "16": 0.0,
      "17": 0.04636614535418583,
      "18": 0.015659955257270694,
      "19": 0.0,
      "20": 0.0,
      "21": 0.011494252873563218,
      "22": 0.0
    },
    "full_accuracy": 0.10091376863023421,
    "known_class_accuracy": 0.10100337417865388,
    "num_test_samples": 22544,
    "rare_classes_filtered": [
      3,
      6,
      9,
      17,
      18,
      30,
      32,
      34,
      36
    ]
  },
  "cnn_binary": {
    "accuracy": 0.9649533637626513,
    "precision": 0.9780442641742351,
    "recall": 0.9459321166638239,
    "f1": 0.9617202063553995,
    "auc": 0.9926052296359722
  },
  "lstm_binary": {
    "accuracy": 0.985155784877952,
    "precision": 0.9900707995164911,
    "recall": 0.9779123315708682,
    "f1": 0.9839540072078257,
    "auc": 0.9986833493761778
  },
  "mlp_multiclass_smote": {
    "full_accuracy": 0.028388928317955996,
    "known_class_accuracy": 0.028414136032676257,
    "f1_macro": 0.014747959826780545,
    "per_class_recall": {
      "0": 0.36906377204884666,
      "1": 0.0,
      "2": 0.0,
      "3": 0.0,
      "4": 0.0,
      "5": 0.03759398496240601,
      "6": 0.0,
      "7": 0.0,
      "8": 0.0,
      "9": 0.0,
      "10": 0.0,
      "11": 0.2751004016064257,
      "12": 0.1111111111111111,
      "13": 0.0,
      "14": 0.0,
      "15": 0.7671232876712328,
      "16": 0.0031922562043043973,
      "17": 0.0,
      "18": 0.0,
      "19": 0.0,
      "20": 0.0,
      "21": 0.0,
      "22": 0.0
    },
    "minority_classes": [
      0,
      1,
      2,
      3,
      4,
      6,
      7,
      8,
      12,
      13,
      14,
      16,
      20,
      21,
      22
    ],
    "skipped_classes": [
      19
    ],
    "n_smote_samples": 906398
  }
}