{
  "dt_binary": {
    "accuracy": 0.7755056777856636,
    "precision": 0.9604265402843601,
    "recall": 0.6316527702018234,
    "f1": 0.7620927936821322,
    "auc": 0.7820946855593977,
    "inference_time_s": 0.02
  },
  "rf_binary": {
    "accuracy": 0.7233853797019163,
    "precision": 0.9602344077019673,
    "recall": 0.5362736694459597,
    "f1": 0.6882,
    "auc": 0.9149679417067054,
    "inference_time_s": 0.26
  },
  "mlp_binary": {
    "accuracy": 0.7423261178140526,
    "precision": 0.9580073030777256,
    "recall": 0.5724304527390321,
    "f1": 0.7166479683917858,
    "auc": 0.9057659967705511,
    "inference_time_s": 0.05
  },
  "mlp_binary_tuned": {
    "accuracy": 0.7444996451383961,
    "precision": 0.9560283687943263,
    "recall": 0.5777292916699135,
    "f1": 0.7202253740042743,
    "auc": 0.9073866592091913,
    "inference_time_s": 0.1
  },
  "cnn_binary": {
    "accuracy": 0.7634847409510291,
    "precision": 0.9635397355085898,
    "recall": 0.6074962986051585,
    "f1": 0.7451730070732173,
    "auc": 0.8819868444119363,
    "inference_time_s": 0.07
  },
  "lstm_binary": {
    "accuracy": 0.742680979418027,
    "precision": 0.9627533561463543,
    "recall": 0.5700148055793657,
    "f1": 0.7160687191033234,
    "auc": 0.8832327192832254,
    "inference_time_s": 0.04
  },
  "dt_multiclass": {
    "accuracy": 0.7425035486160397,
    "f1_macro": 0.48815754158464575,
    "full_accuracy": 0.7425035486160397
  },
  "rf_multiclass": {
    "accuracy": 0.7364709013484741,
    "f1_macro": 0.4763275439571698,
    "full_accuracy": 0.7364709013484741
  }
}