{
  "dt_binary": {
    "accuracy": 0.7755056777856636,
    "precision": 0.9604265402843601,
    "recall": 0.6316527702018234,
    "f1": 0.7620927936821322,
    "auc": 0.7820946855593977,
    "inference_time_s": 0.02
  },
  "rf_binary": {
    "accuracy": 0.7233853797019163,
    "precision": 0.9602344077019673,
    "recall": 0.5362736694459597,
    "f1": 0.6882,
    "auc": 0.9149679417067054,
    "inference_time_s": 0.23
  },
  "mlp_binary": {
    "accuracy": 0.7423261178140526,
    "precision": 0.9580073030777256,
    "recall": 0.5724304527390321,
    "f1": 0.7166479683917858,
    "auc": 0.9057659967705511,
    "inference_time_s": 0.05
  },
  "mlp_binary_tuned": {
    "accuracy": 0.7444996451383961,
    "precision": 0.9560283687943263,
    "recall": 0.5777292916699135,
    "f1": 0.7202253740042743,
    "auc": 0.9073866592091913,
    "inference_time_s": 0.1
  },
  "cnn_binary": {
    "accuracy": 0.7634847409510291,
    "precision": 0.9635397355085898,
    "recall": 0.6074962986051585,
    "f1": 0.7451730070732173,
    "auc": 0.8819868444119363,
    "inference_time_s": 0.09
  },
  "lstm_binary": {
    "accuracy": 0.742680979418027,
    "precision": 0.9627533561463543,
    "recall": 0.5700148055793657,
    "f1": 0.7160687191033234,
    "auc": 0.8832327192832254,
    "inference_time_s": 0.04
  },
  "dt_multiclass": {
    "accuracy": 0.045644073811213624,
    "f1_macro": 0.015486577516314212,
    "full_accuracy": 0.045644073811213624,
    "known_class_accuracy": 0.053313299829024406
  },
  "rf_multiclass": {
    "accuracy": 0.046398154719659336,
    "f1_macro": 0.016617344269095394,
    "full_accuracy": 0.046398154719659336,
    "known_class_accuracy": 0.05419408320812393
  },
  "mlp_multiclass": {
    "accuracy": 0.10091376863023421,
    "f1_macro": 0.014611698178728658,
    "full_accuracy": 0.10091376863023421,
    "known_class_accuracy": 0.11786954043831926
  },
  "mlp_multiclass_smote": {
    "accuracy": 0.028388928317955996,
    "f1_macro": 0.014747959826780545,
    "full_accuracy": 0.028388928317955996,
    "known_class_accuracy": 0.03315890368374696
  }
}